fecha,departamento,municipio,precipitacion_mm,demanda_municipio_est_gwh,demanda_predicha_gwh,error_absoluto
2026-01-01,Antioquia,Antioquia,0.0,0.0,0.0,0.0
2026-01-01,Arauca,Arauca,0.0,0.0,0.0,0.0
2026-01-01,Atlántico,Atlántico,0.0,0.0,0.0,0.0
2026-01-01,Bogotá,Bogotá,0.0,0.0,0.0,0.0
2026-01-01,Bogotá,Bogotá (municipio),0.0,0.0,0.0,0.0
2026-01-01,Bolívar,Bolívar,0.0,0.0,0.0,0.0
2026-01-01,Bolívar,Cartagena,0.0,0.0,0.0,0.0
2026-01-01,Bolívar,El Carmen de Bolívar,0.0,0.0,0.0,0.0
2026-01-01,Bolívar,Magangué,0.0,0.0,0.0,0.0
2026-01-01,Bolívar,Turbaco,0.0,0.0,0.0,0.0
2026-01-01,Boyacá,Boyacá,0.0,0.0,0.0,0.0
2026-01-01,Boyacá,Chiquinquira,0.0,0.010551,0.009766793333333362,0.0007842066666666377
2026-01-01,Boyacá,Duitama,0.0,0.034087,0.031774912222222236,0.002312087777777763
2026-01-01,Boyacá,Puerto Boyacá,0.0,0.0,0.0,0.0
2026-01-01,Boyacá,Sogamoso,0.0,0.297483,0.27869091395879647,0.018792086041203526
2026-01-01,Caldas,Caldas,0.0,0.0,0.0,0.0
2026-01-01,Caldas,Chinchiná,2.9,0.0,0.0,0.0
2026-01-01,Caldas,La Dorada,2.9,0.006297,0.010620229040944238,0.004323229040944238
2026-01-01,Caldas,Manizales,2.9,0.291773,0.48274078666666725,0.19096778666666725
2026-01-01,Caldas,Riosucio,2.9,0.0,0.0,0.0
2026-01-01,Caldas,Villamaría,2.9,0.0,0.0,0.0
2026-01-01,Caquetá,Caquetá,0.0,0.0,0.0,0.0
2026-01-01,Caquetá,Belén de los Andaquíes,0.0,0.0,0.0,0.0
2026-01-01,Caquetá,Florencia,0.0,0.009042,0.009949004291641382,0.0009070042916413824
2026-01-01,Caquetá,San Vicente del Caguán,0.0,0.0,0.0,0.0
2026-01-01,Casanare,Casanare,0.0,0.0,0.0,0.0
2026-01-01,Casanare,Aguazul,0.0,0.018908,0.020091492979798044,0.0011834929797980426
2026-01-01,Casanare,Paz de Ariporo,0.0,0.0,0.0,0.0
2026-01-01,Casanare,Tauramena,0.0,0.4427,0.47908101852626106,0.03638101852626108
2026-01-01,Casanare,Yopal,0.0,0.085376,0.09127811,0.005902110000000002
2026-01-01,Cauca,Cauca,0.0,0.0,0.0,0.0
2026-01-01,Cauca,Patía,0.0,0.0,0.0,0.0
2026-01-01,Cauca,Popayán,0.0,0.0,0.0,0.0
2026-01-01,Cauca,Puerto Tejada,0.0,0.058133,0.0,0.058133
2026-01-01,Cauca,Santander de Quilichao,0.0,0.0,0.0,0.0
2026-01-01,Cesar,Cesar,0.0,0.0,0.0,0.0
2026-01-01,Cesar,Aguachica,5.2,0.013744,0.01716331222222223,0.003419312222222231
2026-01-01,Cesar,Agustín Codazzi,5.2,0.0,0.0,0.0
2026-01-01,Cesar,Bosconia,5.2,0.002936,0.003628052222222223,0.0006920522222222231
2026-01-01,Cesar,Valledupar,5.2,0.126874,0.15963648207671993,0.032762482076719945
2026-01-01,Chocó,Chocó,0.0,0.0,0.0,0.0
2026-01-01,Chocó,Bahía Solano,34.9,0.0,0.0,0.0
2026-01-01,Chocó,El Carmén,34.9,0.0,0.0,0.0
2026-01-01,Chocó,Itsmina,34.9,0.0,0.0,0.0
2026-01-01,Chocó,Quibdó,32.35,0.0,0.0,0.0
2026-01-01,Cundinamarca,Cundinamarca,0.0,0.0,0.0,0.0
2026-01-01,Cundinamarca,Chía,0.0,0.0,0.0,0.0
2026-01-01,Cundinamarca,Facatativá,0.0,0.0,0.0,0.0
2026-01-01,Cundinamarca,Fusagasugá,0.0,0.0,0.0,0.0
2026-01-01,Cundinamarca,Soacha,0.0,0.319072,0.3543634659002763,0.035291465900276264
2026-01-01,Cundinamarca,Zipaquirá,0.0,0.0,0.0,0.0
2026-01-01,Córdoba,Córdoba,0.0,0.0,0.0,0.0
2026-01-01,Córdoba,Cereté,0.0,0.0,0.0,0.0
2026-01-01,Córdoba,Lorica,0.0,0.026073,0.024798940188075748,0.001274059811924251
2026-01-01,Córdoba,Montelibano,0.0,3.774382,3.6340264352325873,0.14035556476741284
2026-01-01,Córdoba,Montería,0.0,0.0,0.0,0.0
2026-01-01,Córdoba,Sahagún,0.0,0.0,0.0,0.0
2026-01-01,Huila,Huila,0.0,0.0,0.0,0.0
2026-01-01,Huila,Garzón,0.0,0.0,0.0,0.0
2026-01-01,Huila,La Plata,0.0,0.0006,0.0006936754707438533,9.367547074385339e-05
2026-01-01,Huila,Neiva,0.0,0.155131,0.1801460666666664,0.02501506666666642
2026-01-01,Huila,Pitalito,0.0,0.015473,0.018103582649350674,0.0026305826493506733
2026-01-01,La Guajira,La Guajira,0.0,0.0,0.0,0.0
2026-01-01,La Guajira,Maicao,0.0,0.00335,0.006265984693313202,0.0029159846933132015
2026-01-01,La Guajira,Riohacha,0.0,0.202372,0.36108954333333393,0.15871754333333393
2026-01-01,La Guajira,San Juan del Cesar,0.0,0.0,0.0,0.0
2026-01-01,La Guajira,Uribia,0.0,0.000855,0.0016903752777777737,0.0008353752777777737
2026-01-01,Magdalena,Magdalena,0.0,0.0,0.0,0.0
2026-01-01,Magdalena,Ciénaga,20.0,0.0,0.0,0.0
2026-01-01,Magdalena,El Banco,20.0,0.001848,0.0020273622222222163,0.0001793622222222163
2026-01-01,Magdalena,Fundación,20.0,0.0,0.0,0.0
2026-01-01,Magdalena,Santa Marta,20.0,0.322239,0.35622690000000024,0.03398790000000024
2026-01-01,Meta,Meta,0.0,0.0,0.0,0.0
2026-01-01,Meta,Acacías,44.575,0.0,0.0,0.0
2026-01-01,Meta,Granada,44.575,0.030882,0.01992163341818811,0.01096036658181189
2026-01-01,Meta,Puerto López,44.575,0.0,0.0,0.0
2026-01-01,Meta,Villavicencio,44.575,6.399106,4.142707556666667,2.2563984433333326
2026-01-01,Nariño,Nariño,0.0,0.0,0.0,0.0
2026-01-01,Nariño,Ipiales,0.0,0.011562,0.009705600000000016,0.0018563999999999838
2026-01-01,Nariño,Pasto,0.0,0.081195,0.06805703333333352,0.013137966666666487
2026-01-01,Nariño,Tumaco,0.0,0.026706,0.022519561538461495,0.004186438461538506
2026-01-01,Nariño,Tuquerres,0.0,0.003083,0.0026001677777777866,0.00048283222222221317
2026-01-01,Norte de Santander,Norte de Santander,0.0,0.0,0.0,0.0
2026-01-01,Norte de Santander,Cucutá,0.0,0.0,0.0,0.0
2026-01-01,Norte de Santander,Ocaña,0.0,0.0,0.0,0.0
2026-01-01,Norte de Santander,Pamplona,0.0,0.001253,0.0015154239260415728,0.00026242392604157276
2026-01-01,Norte de Santander,Villa del Rosario,0.0,0.0,0.0,0.0
2026-01-01,Putumayo,Putumayo,0.0,0.0,0.0,0.0
2026-01-01,Putumayo,Mocoa,0.25,0.061208,0.07012998263227498,0.008921982632274977
2026-01-01,Putumayo,Orito,0.25,0.000225,0.0002595540784652683,3.455407846526831e-05
2026-01-01,Putumayo,Puerto Asís,0.25,0.0,0.0,0.0
2026-01-01,Quindío,Quindío,0.0,0.0,0.0,0.0
2026-01-01,Quindío,Armenia,9.7,0.062532,0.06987284999999979,0.007340849999999788
2026-01-01,Quindío,Calarcá,9.7,0.0,0.0,0.0
2026-01-01,Quindío,Montenegro,9.7,0.007899,0.008824983333333354,0.000925983333333354
2026-01-01,Quindío,Quimbaya,9.7,0.003931,0.004497159333333322,0.000566159333333322
2026-01-01,Risaralda,Risaralda,0.0,0.0,0.0,0.0
2026-01-01,Risaralda,Belén de Umbría,9.4,0.0,0.0,0.0
2026-01-01,Risaralda,Dosquebradas,9.4,0.0,0.0,0.0
2026-01-01,Risaralda,Pereira,9.4,0.2495,0.3243324099999994,0.0748324099999994
2026-01-01,Risaralda,Santa Rosa de Cabal,9.4,0.0,0.0,0.0
2026-01-01,Santander,Santander,0.0,0.0,0.0,0.0
2026-01-01,Sucre,Sucre,0.0,0.0,0.0,0.0
2026-01-01,Sucre,Corozal,10.0,0.022292,0.023026922202380885,0.0007349222023808853
2026-01-01,Sucre,San Marcos,10.0,0.005235,0.005441311269841286,0.0002063112698412863
2026-01-01,Sucre,Sincelejo,20.0,0.18268,0.18836238855555643,0.005682388555556417
2026-01-01,Sucre,Tolú,10.0,0.0,0.0,0.0
2026-01-01,Tolima,Tolima,0.0,0.0,0.0,0.0
2026-01-01,Tolima,Espinal,0.2,0.054,0.07070946130718979,0.01670946130718979
2026-01-01,Tolima,Honda,0.2,0.002036,0.0027168003333333224,0.0006808003333333224
2026-01-01,Tolima,Ibagué,0.2,0.0,0.0,0.0
2026-01-01,Tolima,Líbano,0.2,0.0,0.0,0.0
2026-01-01,Tolima,Melgar,0.2,0.027746,0.03597827305555546,0.008232273055555461
2026-01-01,Valle del Cauca,Valle del Cauca,0.0,0.0,0.0,0.0
2026-01-01,Valle del Cauca,Buenaventura,0.4,0.104117,0.11257471666666674,0.00845771666666674
2026-01-01,Valle del Cauca,Cali,0.4,1.684235,1.8132399800000034,0.1290049800000035
2026-01-01,Valle del Cauca,Cartago,0.4,0.110602,0.11827803333333332,0.007676033333333318
2026-01-01,Valle del Cauca,Palmira,0.4,0.693174,0.7353656699999982,0.04219166999999824
2026-01-01,Valle del Cauca,Tuluá,0.4,0.0,0.0,0.0
2026-01-12,Antioquia,Antioquia,0.0,0.0,0.0,0.0
2026-01-12,Arauca,Arauca,0.0,0.0,0.0,0.0
2026-01-12,Atlántico,Atlántico,0.0,0.0,0.0,0.0
2026-01-12,Bogotá,Bogotá,0.0,0.0,0.0,0.0
2026-01-12,Bogotá,Bogotá (municipio),0.0,0.0,0.0,0.0
2026-01-12,Bolívar,Bolívar,0.0,0.0,0.0,0.0
2026-01-12,Bolívar,Cartagena,0.0,0.0,0.0,0.0
2026-01-12,Bolívar,El Carmen de Bolívar,0.0,0.0,0.0,0.0
2026-01-12,Bolívar,Magangué,0.0,0.0,0.0,0.0
2026-01-12,Bolívar,Turbaco,0.0,0.0,0.0,0.0
2026-01-12,Boyacá,Boyacá,0.0,0.0,0.0,0.0
2026-01-12,Boyacá,Chiquinquira,4.5,0.019653,0.011310226837606843,0.008342773162393157
2026-01-12,Boyacá,Duitama,4.5,0.063491,0.03656552166666665,0.026925478333333357
2026-01-12,Boyacá,Puerto Boyacá,4.5,0.0,0.0,0.0
2026-01-12,Boyacá,Sogamoso,4.5,0.554106,0.3153437690903697,0.23876223090963028
2026-01-12,Caldas,Caldas,0.0,0.0,0.0,0.0
2026-01-12,Caldas,Chinchiná,11.35,0.0,0.0,0.0
2026-01-12,Caldas,La Dorada,11.35,0.020285,0.01873445909495404,0.0015505409050459613
2026-01-12,Caldas,Manizales,11.35,0.939841,0.8935382566666639,0.04630274333333617
2026-01-12,Caldas,Riosucio,11.35,0.0,0.0,0.0
2026-01-12,Caldas,Villamaría,11.35,0.0,0.0,0.0
2026-01-12,Caquetá,Caquetá,0.0,0.0,0.0,0.0
2026-01-12,Caquetá,Belén de los Andaquíes,0.0,0.0,0.0,0.0
2026-01-12,Caquetá,Florencia,0.0,0.007557,0.010909568871102785,0.0033525688711027847
2026-01-12,Caquetá,San Vicente del Caguán,0.0,0.0,0.0,0.0
2026-01-12,Casanare,Casanare,0.0,0.0,0.0,0.0
2026-01-12,Casanare,Aguazul,0.0,0.018879,0.01966644313095241,0.0007874431309524109
2026-01-12,Casanare,Paz de Ariporo,0.0,0.0,0.0,0.0
2026-01-12,Casanare,Tauramena,0.0,0.442015,0.46712738399390036,0.025112383993900367
2026-01-12,Casanare,Yopal,0.0,0.085243,0.09022266000000011,0.004979660000000108
2026-01-12,Cauca,Cauca,0.0,0.0,0.0,0.0
2026-01-12,Cauca,Patía,21.0,0.0,0.0,0.0
2026-01-12,Cauca,Popayán,21.0,0.0,0.0,0.0
2026-01-12,Cauca,Puerto Tejada,21.0,0.20327,0.0,0.20327
2026-01-12,Cauca,Santander de Quilichao,21.0,0.0,0.0,0.0
2026-01-12,Cesar,Cesar,0.0,0.0,0.0,0.0
2026-01-12,Cesar,Aguachica,0.0,0.019297,0.018406226794552644,0.000890773205447358
2026-01-12,Cesar,Agustín Codazzi,0.0,0.0,0.0,0.0
2026-01-12,Cesar,Bosconia,0.0,0.004122,0.0039013183885003885,0.00022068161149961128
2026-01-12,Cesar,Valledupar,0.0,0.178128,0.16937762510941853,0.008750374890581475
2026-01-12,Chocó,Chocó,0.0,0.0,0.0,0.0
2026-01-12,Chocó,Bahía Solano,6.8,0.0,0.0,0.0
2026-01-12,Chocó,El Carmén,6.8,0.0,0.0,0.0
2026-01-12,Chocó,Itsmina,6.8,0.0,0.0,0.0
2026-01-12,Chocó,Quibdó,6.1,0.0,0.0,0.0
2026-01-12,Cundinamarca,Cundinamarca,0.0,0.0,0.0,0.0
2026-01-12,Cundinamarca,Chía,0.0,0.0,0.0,0.0
2026-01-12,Cundinamarca,Facatativá,0.0,0.0,0.0,0.0
2026-01-12,Cundinamarca,Fusagasugá,0.0,0.0,0.0,0.0
2026-01-12,Cundinamarca,Soacha,0.0,0.427991,0.38525066792184903,0.04274033207815098
2026-01-12,Cundinamarca,Zipaquirá,0.0,0.0,0.0,0.0
2026-01-12,Córdoba,Córdoba,0.0,0.0,0.0,0.0
2026-01-12,Córdoba,Cereté,3.2,0.0,0.0,0.0
2026-01-12,Córdoba,Lorica,3.2,0.022909,0.02432150210931249,0.0014125021093124926
2026-01-12,Córdoba,Montelibano,3.2,3.316328,3.4651617146177256,0.14883371461772565
2026-01-12,Córdoba,Montería,3.2,0.0,0.0,0.0
2026-01-12,Córdoba,Sahagún,3.2,0.0,0.0,0.0
2026-01-12,Huila,Huila,0.0,0.0,0.0,0.0
2026-01-12,Huila,Garzón,2.1,0.0,0.0,0.0
2026-01-12,Huila,La Plata,2.1,0.000652,0.0007437329077060612,9.173290770606122e-05
2026-01-12,Huila,Neiva,2.1,0.168399,0.19016681525151158,0.021767815251511585
2026-01-12,Huila,Pitalito,2.1,0.016796,0.019254364574481497,0.002458364574481498
2026-01-12,La Guajira,La Guajira,0.0,0.0,0.0,0.0
2026-01-12,La Guajira,Maicao,0.0,0.010515,0.008518901518549024,0.0019960984814509763
2026-01-12,La Guajira,Riohacha,0.0,0.635272,0.5207639560284385,0.11450804397156145
2026-01-12,La Guajira,San Juan del Cesar,0.0,0.0,0.0,0.0
2026-01-12,La Guajira,Uribia,0.0,0.002683,0.0021534163207286103,0.0005295836792713897
2026-01-12,Magdalena,Magdalena,0.0,0.0,0.0,0.0
2026-01-12,Magdalena,Ciénaga,0.0,0.0,0.0,0.0
2026-01-12,Magdalena,El Banco,0.0,0.00295,0.0027037338266995346,0.0002462661733004653
2026-01-12,Magdalena,Fundación,0.0,0.0,0.0,0.0
2026-01-12,Magdalena,Santa Marta,0.0,0.51448,0.469577298611111,0.04490270138888902
2026-01-12,Meta,Meta,0.0,0.0,0.0,0.0
2026-01-12,Meta,Acacías,29.7,0.0,0.0,0.0
2026-01-12,Meta,Granada,29.7,0.031637,0.020624320509657207,0.011012679490342792
2026-01-12,Meta,Puerto López,29.7,0.0,0.0,0.0
2026-01-12,Meta,Villavicencio,29.7,6.555636,4.248679753333334,2.306956246666666
2026-01-12,Nariño,Nariño,0.0,0.0,0.0,0.0
2026-01-12,Nariño,Ipiales,1.7,0.012729,0.01011350833333336,0.0026154916666666413
2026-01-12,Nariño,Pasto,1.7,0.089387,0.06937959000000023,0.020007409999999767
2026-01-12,Nariño,Tumaco,1.7,0.029401,0.023173356555555503,0.0062276434444444966
2026-01-12,Nariño,Tuquerres,1.7,0.003394,0.0026720605158730235,0.0007219394841269764
2026-01-12,Norte de Santander,Norte de Santander,0.0,0.0,0.0,0.0
2026-01-12,Norte de Santander,Cucutá,8.066666666666666,0.0,0.0,0.0
2026-01-12,Norte de Santander,Ocaña,8.066666666666666,0.0,0.0,0.0
2026-01-12,Norte de Santander,Pamplona,8.066666666666666,0.001839,0.0016139464170101564,0.00022505358298984348
2026-01-12,Norte de Santander,Villa del Rosario,8.066666666666666,0.0,0.0,0.0
2026-01-12,Putumayo,Putumayo,0.0,0.0,0.0,0.0
2026-01-12,Putumayo,Mocoa,11.5,0.06024,0.0718397381708764,0.011599738170876395
2026-01-12,Putumayo,Orito,11.5,0.000222,0.0002635003495409729,4.1500349540972886e-05
2026-01-12,Putumayo,Puerto Asís,11.5,0.0,0.0,0.0
2026-01-12,Quindío,Quindío,0.0,0.0,0.0,0.0
2026-01-12,Quindío,Armenia,7.6,0.07957,0.0765265733333331,0.003043426666666904
2026-01-12,Quindío,Calarcá,7.6,0.0,0.0,0.0
2026-01-12,Quindío,Montenegro,7.6,0.010051,0.009756160555555525,0.00029483944444447414
2026-01-12,Quindío,Quimbaya,7.6,0.005002,0.004841104145160393,0.0001608958548396074
2026-01-12,Risaralda,Risaralda,0.0,0.0,0.0,0.0
2026-01-12,Risaralda,Belén de Umbría,20.95,0.0,0.0,0.0
2026-01-12,Risaralda,Dosquebradas,20.95,0.0,0.0,0.0
2026-01-12,Risaralda,Pereira,20.95,0.432453,0.4082453733333329,0.024207626666667093
2026-01-12,Risaralda,Santa Rosa de Cabal,20.95,0.0,0.0,0.0
2026-01-12,Santander,Santander,0.0,0.0,0.0,0.0
2026-01-12,Sucre,Sucre,0.0,0.0,0.0,0.0
2026-01-12,Sucre,Corozal,1.1,0.024437,0.02432274386904768,0.00011425613095232198
2026-01-12,Sucre,San Marcos,1.1,0.005739,0.005683940685185172,5.5059314814828383e-05
2026-01-12,Sucre,Sincelejo,0.0,0.200257,0.1982449033577529,0.00201209664224708
2026-01-12,Sucre,Tolú,1.1,0.0,0.0,0.0
2026-01-12,Tolima,Tolima,0.0,0.0,0.0,0.0
2026-01-12,Tolima,Espinal,39.93333333333333,0.083292,0.07307075625431328,0.010221243745686726
2026-01-12,Tolima,Honda,39.93333333333333,0.00314,0.0028401412130124783,0.00029985878698752166
2026-01-12,Tolima,Ibagué,39.93333333333333,0.0,0.0,0.0
2026-01-12,Tolima,Líbano,39.93333333333333,0.0,0.0,0.0
2026-01-12,Tolima,Melgar,39.93333333333333,0.042796,0.03776548520202019,0.005030514797979814
2026-01-12,Valle del Cauca,Valle del Cauca,0.0,0.0,0.0,0.0
2026-01-12,Valle del Cauca,Buenaventura,3.5,0.131113,0.12650328333333322,0.004609716666666791
2026-01-12,Valle del Cauca,Cali,3.5,2.120932,2.065674389999997,0.05525761000000262
2026-01-12,Valle del Cauca,Cartago,3.5,0.139279,0.13510061000000007,0.004178389999999921
2026-01-12,Valle del Cauca,Palmira,3.5,0.872904,0.8183312466666655,0.054572753333334556
2026-01-12,Valle del Cauca,Tuluá,3.5,0.0,0.0,0.0
2026-03-23,Antioquia,Antioquia,0.0,0.0,0.0,0.0
2026-03-23,Antioquia,Bello,0.0,0.258997,0.25202942333333295,0.00696757666666703
2026-03-23,Antioquia,Envigado,0.0,0.252678,0.24670825944444502,0.005969740555554992
2026-03-23,Antioquia,Medellín,0.0,1.977141,1.8929364666666642,0.08420453333333588
2026-03-23,Antioquia,Rionegro,0.0,0.4313,0.4139007566666682,0.017399243333331815
2026-03-23,Arauca,Arauca,0.0,0.0,0.0,0.0
2026-03-23,Arauca,Arauca (municipio),0.0,0.0,0.0,0.0
2026-03-23,Arauca,Saravena,0.0,0.004812,0.004646639063031988,0.00016536093696801254
2026-03-23,Arauca,Tame,0.0,0.005724,0.005518834829753594,0.00020516517024640572
2026-03-23,Atlántico,Atlántico,0.0,0.0,0.0,0.0
2026-03-23,Atlántico,Barranquilla,0.0,2.226225,2.249608520000004,0.02338352000000432
2026-03-23,Atlántico,Sabanalarga,0.0,0.0,0.0,0.0
2026-03-23,Atlántico,Soledad,0.0,0.274832,0.27471838414005656,0.00011361585994346113
2026-03-23,Bogotá,Bogotá,0.0,0.0,0.0,0.0
2026-03-23,Bogotá,Bogotá (municipio),0.0,0.0,0.0,0.0
2026-03-23,Bolívar,Bolívar,0.0,0.0,0.0,0.0
2026-03-23,Bolívar,El Carmen de Bolívar,0.0,0.0,0.0,0.0
2026-03-23,Bolívar,Magangué,0.0,0.0,0.0,0.0
2026-03-23,Bolívar,Turbaco,0.0,0.0,0.0,0.0
2026-03-23,Boyacá,Boyacá,0.0,0.0,0.0,0.0
2026-03-23,Boyacá,Chiquinquira,4.05,0.009892,0.015106594670594997,0.005214594670594997
2026-03-23,Boyacá,Duitama,4.05,0.031957,0.0510689843877901,0.019111984387790104
2026-03-23,Boyacá,Puerto Boyacá,4.05,0.0,0.0,0.0
2026-03-23,Boyacá,Sogamoso,4.05,0.278898,0.44510660155062953,0.16620860155062955
2026-03-23,Boyacá,Tunja,0.0,0.025098,0.04131114652790409,0.01621314652790409
2026-03-23,Caldas,Caldas,0.0,0.0,0.0,0.0
2026-03-23,Caldas,Chinchiná,16.25,0.0,0.0,0.0
2026-03-23,Caldas,La Dorada,16.25,0.021346,0.019109653117825434,0.002236346882174566
2026-03-23,Caldas,Manizales,16.25,0.989003,0.8754211500000014,0.11358184999999854
2026-03-23,Caldas,Riosucio,16.25,0.0,0.0,0.0
2026-03-23,Caldas,Villamaría,16.25,0.0,0.0,0.0
2026-03-23,Caquetá,Caquetá,0.0,0.0,0.0,0.0
2026-03-23,Caquetá,Belén de los Andaquíes,0.0,0.0,0.0,0.0
2026-03-23,Caquetá,Florencia,0.0,0.011654,0.009599513469664268,0.0020544865303357314
2026-03-23,Caquetá,San Vicente del Caguán,0.0,0.0,0.0,0.0
2026-03-23,Casanare,Casanare,0.0,0.0,0.0,0.0
2026-03-23,Casanare,Aguazul,0.0,0.023545,0.02183891275647269,0.0017060872435273114
2026-03-23,Casanare,Paz de Ariporo,0.0,0.0,0.0,0.0
2026-03-23,Casanare,Tauramena,0.0,0.551258,0.5128857508601242,0.0383722491398758
2026-03-23,Casanare,Yopal,0.0,0.106311,0.09875819305555575,0.007552806944444254
2026-03-23,Cauca,Cauca,0.0,0.0,0.0,0.0
2026-03-23,Cesar,Cesar,0.0,0.0,0.0,0.0
2026-03-23,Cesar,Aguachica,18.5,0.018488,0.018509312025072146,2.1312025072144775e-05
2026-03-23,Cesar,Agustín Codazzi,18.5,0.0,0.0,0.0
2026-03-23,Cesar,Bosconia,18.5,0.003949,0.003853975614163607,9.50243858363932e-05
2026-03-23,Cesar,Valledupar,18.5,0.170666,0.16564680033499823,0.005019199665001778
2026-03-23,Chocó,Chocó,0.0,0.0,0.0,0.0
2026-03-23,Chocó,Bahía Solano,27.575,0.0,0.0,0.0
2026-03-23,Chocó,El Carmén,27.575,0.0,0.0,0.0
2026-03-23,Chocó,Itsmina,27.575,0.0,0.0,0.0
2026-03-23,Chocó,Quibdó,0.65,0.0,0.0,0.0
2026-03-23,Cundinamarca,Cundinamarca,0.0,0.0,0.0,0.0
2026-03-23,Cundinamarca,Chía,0.0,0.0,0.0,0.0
2026-03-23,Cundinamarca,Facatativá,0.0,0.0,0.0,0.0
2026-03-23,Cundinamarca,Fusagasugá,0.0,0.0,0.0,0.0
2026-03-23,Cundinamarca,Soacha,0.0,0.412839,0.3835256127508193,0.0293133872491807
2026-03-23,Cundinamarca,Zipaquirá,0.0,0.0,0.0,0.0
2026-03-23,Córdoba,Córdoba,0.0,0.0,0.0,0.0
2026-03-23,Córdoba,Cereté,0.55,0.0,0.0,0.0
2026-03-23,Córdoba,Lorica,0.55,0.024817,0.022407444575278688,0.002409555424721311
2026-03-23,Córdoba,Montelibano,0.55,3.592583,2.839777845092591,0.7528051549074091
2026-03-23,Córdoba,Montería,0.55,0.0,0.0,0.0
2026-03-23,Córdoba,Sahagún,0.55,0.0,0.0,0.0
2026-03-23,Huila,Huila,0.0,0.0,0.0,0.0
2026-03-23,Huila,Garzón,5.8,0.0,0.0,0.0
2026-03-23,Huila,La Plata,5.8,0.000732,0.000767205037827164,3.5205037827163994e-05
2026-03-23,Huila,Neiva,5.8,0.189199,0.19504490945730285,0.005845909457302845
2026-03-23,Huila,Pitalito,5.8,0.018871,0.019888819119454088,0.0010178191194540886
2026-03-23,La Guajira,La Guajira,0.0,0.0,0.0,0.0
2026-03-23,La Guajira,Maicao,0.0,0.007831,0.01037649347818263,0.00254549347818263
2026-03-23,La Guajira,Riohacha,0.0,0.473089,0.6305313910195577,0.1574423910195577
2026-03-23,La Guajira,San Juan del Cesar,0.0,0.0,0.0,0.0
2026-03-23,La Guajira,Uribia,0.0,0.001998,0.0026323800886196434,0.0006343800886196432
2026-03-23,Magdalena,Magdalena,0.0,0.0,0.0,0.0
2026-03-23,Magdalena,Ciénaga,30.0,0.0,0.0,0.0
2026-03-23,Magdalena,El Banco,30.0,0.003207,0.0024944372344322336,0.0007125627655677667
2026-03-23,Magdalena,Fundación,30.0,0.0,0.0,0.0
2026-03-23,Magdalena,Santa Marta,30.0,0.55927,0.43571894242424225,0.1235510575757578
2026-03-23,Meta,Meta,0.0,0.0,0.0,0.0
2026-03-23,Meta,Acacías,0.0,0.0,0.0,0.0
2026-03-23,Meta,Granada,0.0,0.030739,0.020000658275168826,0.010738341724831173
2026-03-23,Meta,Puerto López,0.0,0.0,0.0,0.0
2026-03-23,Meta,Villavicencio,0.0,6.369504,4.143537516666662,2.2259664833333384
2026-03-23,Nariño,Nariño,0.0,0.0,0.0,0.0
2026-03-23,Nariño,Ipiales,2.4000000000000004,0.011892,0.011009608652523399,0.000882391347476601
2026-03-23,Nariño,Pasto,2.4000000000000004,0.083508,0.07643650512481977,0.0070714948751802315
2026-03-23,Nariño,Tumaco,2.4000000000000004,0.027467,0.025442770470652694,0.0020242295293473045
2026-03-23,Nariño,Tuquerres,2.4000000000000004,0.003171,0.002868982678053024,0.00030201732194697637
2026-03-23,Norte de Santander,Norte de Santander,0.0,0.0,0.0,0.0
2026-03-23,Norte de Santander,Cucutá,5.375,0.0,0.0,0.0
2026-03-23,Norte de Santander,Ocaña,5.375,0.0,0.0,0.0
2026-03-23,Norte de Santander,Pamplona,5.375,0.00206,0.0015958225943223424,0.0004641774056776578
2026-03-23,Norte de Santander,Villa del Rosario,5.375,0.0,0.0,0.0
2026-03-23,Putumayo,Putumayo,0.0,0.0,0.0,0.0
2026-03-23,Putumayo,Mocoa,10.933333333333332,0.076104,0.06907273499898346,0.007031265001016543
2026-03-23,Putumayo,Orito,10.933333333333332,0.00028,0.00025546276295945037,2.453723704054961e-05
2026-03-23,Putumayo,Puerto Asís,10.933333333333332,0.0,0.0,0.0
2026-03-23,Quindío,Quindío,0.0,0.0,0.0,0.0
2026-03-23,Quindío,Armenia,6.9,0.072341,0.08022264666666662,0.007881646666666617
2026-03-23,Quindío,Calarcá,6.9,0.0,0.0,0.0
2026-03-23,Quindío,Montenegro,6.9,0.009138,0.01012451249999997,0.0009865124999999704
2026-03-23,Quindío,Quimbaya,6.9,0.004548,0.004987062984626484,0.0004390629846264841
2026-03-23,Risaralda,Risaralda,0.0,0.0,0.0,0.0
2026-03-23,Risaralda,Belén de Umbría,23.25,0.0,0.0,0.0
2026-03-23,Risaralda,Dosquebradas,23.25,0.0,0.0,0.0
2026-03-23,Risaralda,Pereira,23.25,0.448793,0.46850392999999985,0.01971092999999985
2026-03-23,Risaralda,Santa Rosa de Cabal,23.25,0.0,0.0,0.0
2026-03-23,Santander,Santander,0.0,0.0,0.0,0.0
2026-03-23,Sucre,Sucre,0.0,0.0,0.0,0.0
2026-03-23,Sucre,Corozal,0.0,0.025057,0.024937366391303072,0.00011963360869692713
2026-03-23,Sucre,San Marcos,0.0,0.005885,0.005851834990842497,3.316500915750281e-05
2026-03-23,Sucre,Tolú,0.0,0.0,0.0,0.0
2026-03-23,Tolima,Tolima,0.0,0.0,0.0,0.0
2026-03-23,Tolima,Espinal,15.55,0.114008,0.08312950311904753,0.03087849688095247
2026-03-23,Tolima,Honda,15.55,0.004298,0.0031609988809523904,0.0011370011190476093
2026-03-23,Tolima,Ibagué,15.55,0.0,0.0,0.0
2026-03-23,Tolima,Líbano,15.55,0.0,0.0,0.0
2026-03-23,Tolima,Melgar,15.55,0.058578,0.04334345144444447,0.015234548555555526
2026-03-23,Valle del Cauca,Valle del Cauca,0.0,0.0,0.0,0.0
2026-03-23,Valle del Cauca,Buenaventura,2.5,0.137073,0.13459327666666654,0.002479723333333461
2026-03-23,Valle del Cauca,Cali,2.5,2.217334,2.1765638666666622,0.0407701333333379
2026-03-23,Valle del Cauca,Cartago,2.5,0.14561,0.1434485433333334,0.002161456666666589
2026-03-23,Valle del Cauca,Palmira,2.5,0.91258,0.888439530000001,0.02414046999999897
2026-03-23,Valle del Cauca,Tuluá,2.5,0.0,0.0,0.0
2026-04-02,Antioquia,Antioquia,0.0,0.0,0.0,0.0
2026-04-02,Antioquia,Bello,2.0,0.229401,0.1787441900000006,0.050656809999999386
2026-04-02,Antioquia,Envigado,2.0,0.223805,0.17656348000000063,0.04724151999999937
2026-04-02,Antioquia,Medellín,2.0,1.75121,1.439073146666662,0.31213685333333796
2026-04-02,Antioquia,Rionegro,2.0,0.382014,0.3189243800000007,0.06308961999999935
2026-04-02,Arauca,Arauca,0.0,0.0,0.0,0.0
2026-04-02,Arauca,Arauca (municipio),2.0,0.0,0.0,0.0
2026-04-02,Arauca,Saravena,2.0,0.004814,0.0005499369810744823,0.004264063018925518
2026-04-02,Arauca,Tame,2.0,0.005726,0.0007002304880650806,0.005025769511934919
2026-04-02,Atlántico,Atlántico,0.0,0.0,0.0,0.0
2026-04-02,Atlántico,Barranquilla,2.0,2.13151,1.90379300666667,0.22771699333333006
2026-04-02,Atlántico,Sabanalarga,2.0,0.0,0.0,0.0
2026-04-02,Atlántico,Soledad,2.0,0.263139,0.22987635564717052,0.033262644352829496
2026-04-02,Bogotá,Bogotá,0.0,0.0,0.0,0.0
2026-04-02,Bogotá,Bogotá (municipio),0.0,0.0,0.0,0.0
2026-04-02,Bolívar,Bolívar,0.0,0.0,0.0,0.0
2026-04-02,Bolívar,El Carmen de Bolívar,0.0,0.0,0.0,0.0
2026-04-02,Bolívar,Magangué,0.0,0.0,0.0,0.0
2026-04-02,Bolívar,Turbaco,0.0,0.0,0.0,0.0
2026-04-02,Boyacá,Boyacá,0.0,0.0,0.0,0.0
2026-04-02,Boyacá,Chiquinquira,0.2,0.009081,0.014338103607220676,0.005257103607220676
2026-04-02,Boyacá,Duitama,0.2,0.029336,0.04883850664229032,0.01950250664229032
2026-04-02,Boyacá,Puerto Boyacá,0.2,0.0,0.0,0.0
2026-04-02,Boyacá,Sogamoso,0.2,0.256027,0.41052771148425465,0.15450071148425465
2026-04-02,Boyacá,Tunja,0.0,0.02304,0.03964323817694095,0.01660323817694095
2026-04-02,Caldas,Caldas,0.0,0.0,0.0,0.0
2026-04-02,Caldas,Chinchiná,0.0,0.0,0.0,0.0
2026-04-02,Caldas,La Dorada,0.0,0.018877,0.017389670857899137,0.0014873291421008648
2026-04-02,Caldas,Manizales,0.0,0.874596,0.8119722125000013,0.06262378749999875
2026-04-02,Caldas,Riosucio,0.0,0.0,0.0,0.0
2026-04-02,Caldas,Villamaría,0.0,0.0,0.0,0.0
2026-04-02,Caquetá,Caquetá,0.0,0.0,0.0,0.0
2026-04-02,Caquetá,Belén de los Andaquíes,0.0,0.0,0.0,0.0
2026-04-02,Caquetá,Florencia,0.0,0.007435,0.009395918315005697,0.0019609183150056967
2026-04-02,Caquetá,San Vicente del Caguán,0.0,0.0,0.0,0.0
2026-04-02,Casanare,Casanare,0.0,0.0,0.0,0.0
2026-04-02,Casanare,Aguazul,12.166666666666666,0.021271,0.022241881258799213,0.0009708812587992111
2026-04-02,Casanare,Paz de Ariporo,12.166666666666666,0.0,0.0,0.0
2026-04-02,Casanare,Tauramena,12.166666666666666,0.498021,0.5219409975415699,0.02391999754156987
2026-04-02,Casanare,Yopal,8.95,0.096044,0.10047281666666692,0.004428816666666918
2026-04-02,Cauca,Cauca,0.0,0.0,0.0,0.0
2026-04-02,Cauca,Patía,7.0,0.0,0.0,0.0
2026-04-02,Cauca,Popayán,7.0,0.0,0.0,0.0
2026-04-02,Cauca,Puerto Tejada,7.0,0.130766,0.0,0.130766
2026-04-02,Cauca,Santander de Quilichao,7.0,0.0,0.0,0.0
2026-04-02,Cesar,Cesar,0.0,0.0,0.0,0.0
2026-04-02,Cesar,Aguachica,0.0,0.019339,0.018633487698412703,0.0007055123015872952
2026-04-02,Cesar,Agustín Codazzi,0.0,0.0,0.0,0.0
2026-04-02,Cesar,Bosconia,0.0,0.004131,0.003985042305860809,0.00014595769413919095
2026-04-02,Cesar,Valledupar,0.0,0.178521,0.1719215412916624,0.006599458708337613
2026-04-02,Chocó,Chocó,0.0,0.0,0.0,0.0
2026-04-02,Chocó,Bahía Solano,0.0,0.0,0.0,0.0
2026-04-02,Chocó,El Carmén,0.0,0.0,0.0,0.0
2026-04-02,Chocó,Itsmina,0.0,0.0,0.0,0.0
2026-04-02,Chocó,Quibdó,0.0,0.0,0.0,0.0
2026-04-02,Cundinamarca,Cundinamarca,0.0,0.0,0.0,0.0
2026-04-02,Cundinamarca,Chía,0.0,0.0,0.0,0.0
2026-04-02,Cundinamarca,Facatativá,0.0,0.0,0.0,0.0
2026-04-02,Cundinamarca,Fusagasugá,0.0,0.0,0.0,0.0
2026-04-02,Cundinamarca,Soacha,0.0,0.348347,0.3705026938089689,0.022155693808968868
2026-04-02,Cundinamarca,Zipaquirá,0.0,0.0,0.0,0.0
2026-04-02,Córdoba,Córdoba,0.0,0.0,0.0,0.0
2026-04-02,Córdoba,Cereté,0.0,0.0,0.0,0.0
2026-04-02,Córdoba,Lorica,0.0,0.023591,0.024902939605344503,0.0013119396053445018
2026-04-02,Córdoba,Montelibano,0.0,3.415022,3.5832221526579526,0.16820015265795263
2026-04-02,Córdoba,Montería,0.0,0.0,0.0,0.0
2026-04-02,Córdoba,Sahagún,0.0,0.0,0.0,0.0
2026-04-02,Huila,Huila,0.0,0.0,0.0,0.0
2026-04-02,Huila,Garzón,0.0,0.0,0.0,0.0
2026-04-02,Huila,La Plata,0.0,0.000724,0.0007438553059226618,1.9855305922661815e-05
2026-04-02,Huila,Neiva,0.0,0.18718,0.1916136310476946,0.004433631047694592
2026-04-02,Huila,Pitalito,0.0,0.018669,0.019220486147098505,0.0005514861470985039
2026-04-02,La Guajira,La Guajira,0.0,0.0,0.0,0.0
2026-04-02,La Guajira,Maicao,0.0,0.009823,0.008741025846314383,0.0010819741536856175
2026-04-02,La Guajira,Riohacha,0.0,0.593462,0.5292608228611072,0.06420117713889284
2026-04-02,La Guajira,San Juan del Cesar,0.0,0.0,0.0,0.0
2026-04-02,La Guajira,Uribia,0.0,0.002506,0.002197402361405316,0.00030859763859468394
2026-04-02,Magdalena,Magdalena,0.0,0.0,0.0,0.0
2026-04-02,Magdalena,Ciénaga,0.0,0.0,0.0,0.0
2026-04-02,Magdalena,El Banco,0.0,0.003156,0.0021667880000000033,0.0009892119999999967
2026-04-02,Magdalena,Fundación,0.0,0.0,0.0,0.0
2026-04-02,Magdalena,Santa Marta,0.0,0.550373,0.3809322833333329,0.1694407166666671
2026-04-02,Meta,Meta,0.0,0.0,0.0,0.0
2026-04-02,Meta,Acacías,10.575,0.0,0.0,0.0
2026-04-02,Meta,Granada,10.575,0.029355,0.020809876261066392,0.008545123738933607
2026-04-02,Meta,Puerto López,10.575,0.0,0.0,0.0
2026-04-02,Meta,Villavicencio,10.575,6.082655,4.329658989999988,1.752996010000012
2026-04-02,Nariño,Nariño,0.0,0.0,0.0,0.0
2026-04-02,Nariño,Ipiales,7.55,0.011856,0.011568763240500228,0.00028723675949977184
2026-04-02,Nariño,Pasto,7.55,0.08326,0.08097570265776813,0.0022842973422318724
2026-04-02,Nariño,Tumaco,7.55,0.027385,0.02654067433315997,0.000844325666840031
2026-04-02,Nariño,Tuquerres,7.55,0.003161,0.0030442162822270375,0.00011678371777296267
2026-04-02,Norte de Santander,Norte de Santander,0.0,0.0,0.0,0.0
2026-04-02,Norte de Santander,Cucutá,2.1666666666666665,0.0,0.0,0.0
2026-04-02,Norte de Santander,Ocaña,2.1666666666666665,0.0,0.0,0.0
2026-04-02,Norte de Santander,Pamplona,2.1666666666666665,0.001813,0.0015255147332402233,0.0002874852667597767
2026-04-02,Norte de Santander,Villa del Rosario,2.1666666666666665,0.0,0.0,0.0
2026-04-02,Putumayo,Putumayo,0.0,0.0,0.0,0.0
2026-04-02,Putumayo,Mocoa,3.35,0.059984,0.06737949856727585,0.007395498567275845
2026-04-02,Putumayo,Orito,3.35,0.000221,0.000247787659779134,2.678765977913401e-05
2026-04-02,Putumayo,Puerto Asís,3.35,0.0,0.0,0.0
2026-04-02,Quindío,Quindío,0.0,0.0,0.0,0.0
2026-04-02,Quindío,Armenia,0.0,0.076461,0.07901560111111115,0.0025546011111111516
2026-04-02,Quindío,Calarcá,0.0,0.0,0.0,0.0
2026-04-02,Quindío,Montenegro,0.0,0.009658,0.009970172280626806,0.00031217228062680596
2026-04-02,Quindío,Quimbaya,0.0,0.004807,0.004932929604108317,0.0001259296041083175
2026-04-02,Risaralda,Risaralda,0.0,0.0,0.0,0.0
2026-04-02,Risaralda,Belén de Umbría,0.0,0.0,0.0,0.0
2026-04-02,Risaralda,Dosquebradas,0.0,0.0,0.0,0.0
2026-04-02,Risaralda,Pereira,0.0,0.483197,0.36945302958333226,0.11374397041666773
2026-04-02,Risaralda,Santa Rosa de Cabal,0.0,0.0,0.0,0.0
2026-04-02,Santander,Santander,0.0,0.0,0.0,0.0
2026-04-02,Sucre,Sucre,0.0,0.0,0.0,0.0
2026-04-02,Sucre,Corozal,0.0,0.024799,0.02419165455736853,0.0006073454426314719
2026-04-02,Sucre,San Marcos,0.0,0.005824,0.005699406841269847,0.00012459315873015325
2026-04-02,Sucre,Tolú,0.0,0.0,0.0,0.0
2026-04-02,Tolima,Tolima,0.0,0.0,0.0,0.0
2026-04-02,Tolima,Espinal,3.0,0.107531,0.07531860333333336,0.03221239666666664
2026-04-02,Tolima,Honda,3.0,0.004054,0.002785638722222226,0.0012683612777777743
2026-04-02,Tolima,Ibagué,3.0,0.0,0.0,0.0
2026-04-02,Tolima,Líbano,3.0,0.0,0.0,0.0
2026-04-02,Tolima,Melgar,3.0,0.05525,0.03872298907407398,0.016527010925926018
2026-04-02,Valle del Cauca,Valle del Cauca,0.0,0.0,0.0,0.0
2026-04-02,Valle del Cauca,Buenaventura,0.0,0.12354,0.12009458666666646,0.0034454133333335357
2026-04-02,Valle del Cauca,Cali,0.0,1.998423,1.9704327400000008,0.027990259999999267
2026-04-02,Valle del Cauca,Cartago,0.0,0.131234,0.12822740333333316,0.003006596666666833
2026-04-02,Valle del Cauca,Palmira,0.0,0.822483,0.8036330333333321,0.018849966666667828
2026-04-02,Valle del Cauca,Tuluá,0.0,0.0,0.0,0.0
2026-04-03,Antioquia,Antioquia,0.0,0.0,0.0,0.0
2026-04-03,Antioquia,Bello,25.0,0.210426,0.22559509000000044,0.01516909000000044
2026-04-03,Antioquia,Envigado,25.0,0.205293,0.22287854999999993,0.017585549999999922
2026-04-03,Antioquia,Medellín,25.0,1.606363,1.6342407033333297,0.02787770333332973
2026-04-03,Antioquia,Rionegro,25.0,0.350417,0.3649126733333336,0.014495673333333625
2026-04-03,Arauca,Arauca,0.0,0.0,0.0,0.0
2026-04-03,Arauca,Arauca (municipio),25.0,0.0,0.0,0.0
2026-04-03,Arauca,Saravena,25.0,0.004809,0.00034010963492063333,0.004468890365079367
2026-04-03,Arauca,Tame,25.0,0.00572,0.000488803466810967,0.005231196533189033
2026-04-03,Atlántico,Atlántico,0.0,0.0,0.0,0.0
2026-04-03,Atlántico,Barranquilla,25.0,1.895109,1.9487882533333372,0.05367925333333723
2026-04-03,Atlántico,Sabanalarga,25.0,0.0,0.0,0.0
2026-04-03,Atlántico,Soledad,25.0,0.233955,0.24314934347222214,0.009194343472222144
2026-04-03,Bogotá,Bogotá,0.0,0.0,0.0,0.0
2026-04-03,Bogotá,Bogotá (municipio),0.0,0.0,0.0,0.0
2026-04-03,Bolívar,Bolívar,0.0,0.0,0.0,0.0
2026-04-03,Bolívar,El Carmen de Bolívar,0.0,0.0,0.0,0.0
2026-04-03,Bolívar,Magangué,0.0,0.0,0.0,0.0
2026-04-03,Bolívar,Turbaco,0.0,0.0,0.0,0.0
2026-04-03,Boyacá,Boyacá,0.0,0.0,0.0,0.0
2026-04-03,Boyacá,Chiquinquira,1.7,0.010106,0.014993308905187196,0.004887308905187196
2026-04-03,Boyacá,Duitama,1.7,0.032647,0.049890558124116635,0.017243558124116633
2026-04-03,Boyacá,Puerto Boyacá,1.7,0.0,0.0,0.0
2026-04-03,Boyacá,Sogamoso,1.7,0.284923,0.42451956204015373,0.13959656204015375
2026-04-03,Boyacá,Tunja,3.1,0.02564,0.0417749024582719,0.016134902458271903
2026-04-03,Caldas,Caldas,0.0,0.0,0.0,0.0
2026-04-03,Caldas,Chinchiná,0.0,0.0,0.0,0.0
2026-04-03,Caldas,La Dorada,0.0,0.018846,0.017718178702384287,0.0011278212976157144
2026-04-03,Caldas,Manizales,0.0,0.873194,0.830395860277779,0.04279813972222102
2026-04-03,Caldas,Riosucio,0.0,0.0,0.0,0.0
2026-04-03,Caldas,Villamaría,0.0,0.0,0.0,0.0
2026-04-03,Caquetá,Caquetá,0.0,0.0,0.0,0.0
2026-04-03,Caquetá,Belén de los Andaquíes,5.0,0.0,0.0,0.0
2026-04-03,Caquetá,Florencia,5.0,0.005003,0.009437902099664823,0.004434902099664823
2026-04-03,Caquetá,San Vicente del Caguán,5.0,0.0,0.0,0.0
2026-04-03,Casanare,Casanare,0.0,0.0,0.0,0.0
2026-04-03,Casanare,Aguazul,0.0,0.020908,0.02261591017072748,0.0017079101707274807
2026-04-03,Casanare,Paz de Ariporo,0.0,0.0,0.0,0.0
2026-04-03,Casanare,Tauramena,0.0,0.489522,0.5311645073319718,0.041642507331971834
2026-04-03,Casanare,Yopal,0.0,0.094405,0.10147409666666705,0.007069096666667052
2026-04-03,Cauca,Cauca,0.0,0.0,0.0,0.0
2026-04-03,Cauca,Patía,0.0,0.0,0.0,0.0
2026-04-03,Cauca,Popayán,0.0,0.0,0.0,0.0
2026-04-03,Cauca,Puerto Tejada,0.0,0.110388,0.0,0.110388
2026-04-03,Cauca,Santander de Quilichao,0.0,0.0,0.0,0.0
2026-04-03,Cesar,Cesar,0.0,0.0,0.0,0.0
2026-04-03,Cesar,Aguachica,1.0,0.018143,0.019970051356421305,0.0018270513564213053
2026-04-03,Cesar,Agustín Codazzi,1.0,0.0,0.0,0.0
2026-04-03,Cesar,Bosconia,1.0,0.003875,0.004278920611416367,0.00040392061141636664
2026-04-03,Cesar,Valledupar,1.0,0.16748,0.1848626632274487,0.01738266322744872
2026-04-03,Chocó,Chocó,0.0,0.0,0.0,0.0
2026-04-03,Chocó,Bahía Solano,20.03333333333333,0.0,0.0,0.0
2026-04-03,Chocó,El Carmén,20.03333333333333,0.0,0.0,0.0
2026-04-03,Chocó,Itsmina,20.03333333333333,0.0,0.0,0.0
2026-04-03,Chocó,Quibdó,0.05,0.0,0.0,0.0
2026-04-03,Cundinamarca,Cundinamarca,0.0,0.0,0.0,0.0
2026-04-03,Cundinamarca,Chía,0.0,0.0,0.0,0.0
2026-04-03,Cundinamarca,Facatativá,0.0,0.0,0.0,0.0
2026-04-03,Cundinamarca,Fusagasugá,0.0,0.0,0.0,0.0
2026-04-03,Cundinamarca,Soacha,0.0,0.347818,0.3699973894042071,0.022179389404207106
2026-04-03,Cundinamarca,Zipaquirá,0.0,0.0,0.0,0.0
2026-04-03,Córdoba,Córdoba,0.0,0.0,0.0,0.0
2026-04-03,Córdoba,Cereté,0.0,0.0,0.0,0.0
2026-04-03,Córdoba,Lorica,0.0,0.023143,0.024865002770884666,0.0017220027708846654
2026-04-03,Córdoba,Montelibano,0.0,3.350187,3.5751917114754117,0.22500471147541168
2026-04-03,Córdoba,Montería,0.0,0.0,0.0,0.0
2026-04-03,Córdoba,Sahagún,0.0,0.0,0.0,0.0
2026-04-03,Huila,Huila,0.0,0.0,0.0,0.0
2026-04-03,Huila,Garzón,1.8333333333333333,0.0,0.0,0.0
2026-04-03,Huila,La Plata,1.8333333333333333,0.000717,0.0007435690156281703,2.6569015628170357e-05
2026-04-03,Huila,Neiva,1.8333333333333333,0.185408,0.19070185072865747,0.005293850728657484
2026-04-03,Huila,Pitalito,1.8333333333333333,0.018492,0.01922700072877383,0.000735000728773829
2026-04-03,La Guajira,La Guajira,0.0,0.0,0.0,0.0
2026-04-03,La Guajira,Maicao,0.0,0.009116,0.008776787525012764,0.00033921247498723724
2026-04-03,La Guajira,Riohacha,0.0,0.550728,0.5291631804536998,0.021564819546300185
2026-04-03,La Guajira,San Juan del Cesar,0.0,0.0,0.0,0.0
2026-04-03,La Guajira,Uribia,0.0,0.002326,0.0021951354850614393,0.0001308645149385606
2026-04-03,Magdalena,Magdalena,0.0,0.0,0.0,0.0
2026-04-03,Magdalena,Ciénaga,0.0,0.0,0.0,0.0
2026-04-03,Magdalena,El Banco,0.0,0.002903,0.0025620055020997537,0.0003409944979002465
2026-04-03,Magdalena,Fundación,0.0,0.0,0.0,0.0
2026-04-03,Magdalena,Santa Marta,0.0,0.506177,0.4461130316666664,0.060063968333333606
2026-04-03,Meta,Meta,0.0,0.0,0.0,0.0
2026-04-03,Meta,Acacías,0.1666666666666666,0.0,0.0,0.0
2026-04-03,Meta,Granada,0.1666666666666666,0.029613,0.020522990921283246,0.009090009078716755
2026-04-03,Meta,Puerto López,0.1666666666666666,0.0,0.0,0.0
2026-04-03,Meta,Villavicencio,0.1666666666666666,6.136291,4.259252423333322,1.8770385766666777
2026-04-03,Nariño,Nariño,0.0,0.0,0.0,0.0
2026-04-03,Nariño,Ipiales,0.0,0.011253,0.01165027194721846,0.0003972719472184593
2026-04-03,Nariño,Pasto,0.0,0.079023,0.0815048883961638,0.0024818883961637977
2026-04-03,Nariño,Tumaco,0.0,0.025992,0.02671537611140033,0.0007233761114003277
2026-04-03,Nariño,Tuquerres,0.0,0.003,0.003089687786508988,8.96877865089879e-05
2026-04-03,Norte de Santander,Norte de Santander,0.0,0.0,0.0,0.0
2026-04-03,Norte de Santander,Cucutá,2.15,0.0,0.0,0.0
2026-04-03,Norte de Santander,Ocaña,2.15,0.0,0.0,0.0
2026-04-03,Norte de Santander,Pamplona,2.15,0.001765,0.0015238736221291121,0.00024112637787088794
2026-04-03,Norte de Santander,Villa del Rosario,2.15,0.0,0.0,0.0
2026-04-03,Putumayo,Putumayo,0.0,0.0,0.0,0.0
2026-04-03,Putumayo,Mocoa,1.75,0.061756,0.06796777462834366,0.006211774628343665
2026-04-03,Putumayo,Orito,1.75,0.000227,0.0002534665451144091,2.6466545114409124e-05
2026-04-03,Putumayo,Puerto Asís,1.75,0.0,0.0,0.0
2026-04-03,Quindío,Quindío,0.0,0.0,0.0,0.0
2026-04-03,Quindío,Armenia,0.0,0.067981,0.07965393111111116,0.01167293111111116
2026-04-03,Quindío,Calarcá,0.0,0.0,0.0,0.0
2026-04-03,Quindío,Montenegro,0.0,0.008587,0.010145111352055376,0.001558111352055377
2026-04-03,Quindío,Quimbaya,0.0,0.004274,0.004989257112044825,0.0007152571120448252
2026-04-03,Risaralda,Risaralda,0.0,0.0,0.0,0.0
2026-04-03,Risaralda,Belén de Umbría,0.0,0.0,0.0,0.0
2026-04-03,Risaralda,Dosquebradas,0.0,0.0,0.0,0.0
2026-04-03,Risaralda,Pereira,0.0,0.375348,0.3736091669166656,0.0017388330833343901
2026-04-03,Risaralda,Santa Rosa de Cabal,0.0,0.0,0.0,0.0
2026-04-03,Santander,Santander,0.0,0.0,0.0,0.0
2026-04-03,Sucre,Sucre,0.0,0.0,0.0,0.0
2026-04-03,Sucre,Corozal,0.0,0.023329,0.024202692600297823,0.0008736926002978242
2026-04-03,Sucre,San Marcos,0.0,0.005479,0.005703221507936513,0.00022422150793651244
2026-04-03,Sucre,Tolú,0.0,0.0,0.0,0.0
2026-04-03,Tolima,Tolima,0.0,0.0,0.0,0.0
2026-04-03,Tolima,Espinal,8.166666666666666,0.102003,0.073314159261427,0.028688840738573
2026-04-03,Tolima,Honda,8.166666666666666,0.003846,0.002721793520202022,0.0011242064797979778
2026-04-03,Tolima,Ibagué,8.166666666666666,0.0,0.0,0.0
2026-04-03,Tolima,Líbano,8.166666666666666,0.0,0.0,0.0
2026-04-03,Tolima,Melgar,8.166666666666666,0.05241,0.0378910861011904,0.014518913898809598
2026-04-03,Valle del Cauca,Valle del Cauca,0.0,0.0,0.0,0.0
2026-04-03,Valle del Cauca,Buenaventura,0.0,0.116988,0.1206968399999998,0.0037088399999998106
2026-04-03,Valle del Cauca,Cali,0.0,1.892441,1.970907183333335,0.07846618333333488
2026-04-03,Valle del Cauca,Cartago,0.0,0.124275,0.12819427999999983,0.003919279999999831
2026-04-03,Valle del Cauca,Palmira,0.0,0.778865,0.8033457166666657,0.024480716666665625
2026-04-03,Valle del Cauca,Tuluá,0.0,0.0,0.0,0.0
2026-05-01,Antioquia,Antioquia,0.0,0.0,0.0,0.0
2026-05-01,Arauca,Arauca,0.0,0.0,0.0,0.0
2026-05-01,Atlántico,Atlántico,0.0,0.0,0.0,0.0
2026-05-01,Bogotá,Bogotá,0.0,0.0,0.0,0.0
2026-05-01,Bogotá,Bogotá (municipio),4.7,0.0,0.0,0.0
2026-05-01,Bolívar,Bolívar,0.0,0.0,0.0,0.0
2026-05-01,Bolívar,El Carmen de Bolívar,0.0,0.0,0.0,0.0
2026-05-01,Bolívar,Magangué,0.0,0.0,0.0,0.0
2026-05-01,Bolívar,Turbaco,0.0,0.0,0.0,0.0
2026-05-01,Boyacá,Boyacá,0.0,0.0,0.0,0.0
2026-05-01,Boyacá,Chiquinquira,11.4,0.018801,0.01641419394232568,0.0023868060576743184
2026-05-01,Boyacá,Duitama,11.4,0.060739,0.05360616885908817,0.00713283114091183
2026-05-01,Boyacá,Puerto Boyacá,11.4,0.0,0.0,0.0
2026-05-01,Boyacá,Sogamoso,11.4,0.530091,0.46626420821118936,0.06382679178881062
2026-05-01,Boyacá,Tunja,3.5,0.047702,0.04266785975997985,0.005034140240020149
2026-05-01,Caldas,Caldas,0.0,0.0,0.0,0.0
2026-05-01,Caldas,Chinchiná,2.5,0.0,0.0,0.0
2026-05-01,Caldas,La Dorada,2.5,0.015119,0.020055242629817366,0.004936242629817365
2026-05-01,Caldas,Manizales,2.5,0.700514,0.9301858336851861,0.22967183368518618
2026-05-01,Caldas,Riosucio,2.5,0.0,0.0,0.0
2026-05-01,Caldas,Villamaría,2.5,0.0,0.0,0.0
2026-05-01,Caquetá,Caquetá,0.0,0.0,0.0,0.0
2026-05-01,Caquetá,Belén de los Andaquíes,15.0,0.0,0.0,0.0
2026-05-01,Caquetá,Florencia,15.0,0.009801,0.009467519062117562,0.00033348093788243896
2026-05-01,Caquetá,San Vicente del Caguán,15.0,0.0,0.0,0.0
2026-05-01,Casanare,Casanare,0.0,0.0,0.0,0.0
2026-05-01,Casanare,Aguazul,44.14,0.021705,0.025239001603493724,0.0035340016034937256
2026-05-01,Casanare,Paz de Ariporo,44.14,0.0,0.0,0.0
2026-05-01,Casanare,Tauramena,44.14,0.508188,0.5992499811608824,0.09106198116088238
2026-05-01,Casanare,Yopal,49.333333333333336,0.098005,0.11506779000000002,0.017062790000000022
2026-05-01,Cauca,Cauca,0.0,0.0,0.0,0.0
2026-05-01,Cauca,Patía,0.0,0.0,0.0,0.0
2026-05-01,Cauca,Popayán,0.0,0.0,0.0,0.0
2026-05-01,Cauca,Puerto Tejada,0.0,0.313551,0.0,0.313551
2026-05-01,Cauca,Santander de Quilichao,0.0,0.0,0.0,0.0
2026-05-01,Cesar,Cesar,0.0,0.0,0.0,0.0
2026-05-01,Cesar,Aguachica,0.0,0.019733,0.019114029206349196,0.0006189707936508047
2026-05-01,Cesar,Agustín Codazzi,0.0,0.0,0.0,0.0
2026-05-01,Cesar,Bosconia,0.0,0.004215,0.0040304675925925985,0.0001845324074074015
2026-05-01,Cesar,Valledupar,0.0,0.182153,0.1756999549557485,0.00645304504425151
2026-05-01,Chocó,Chocó,0.0,0.0,0.0,0.0
2026-05-01,Chocó,Bahía Solano,49.1,0.0,0.0,0.0
2026-05-01,Chocó,El Carmén,49.1,0.0,0.0,0.0
2026-05-01,Chocó,Itsmina,49.1,0.0,0.0,0.0
2026-05-01,Chocó,Quibdó,74.2,0.0,0.0,0.0
2026-05-01,Cundinamarca,Cundinamarca,0.0,0.0,0.0,0.0
2026-05-01,Cundinamarca,Chía,4.7,0.0,0.0,0.0
2026-05-01,Cundinamarca,Facatativá,4.7,0.0,0.0,0.0
2026-05-01,Cundinamarca,Fusagasugá,4.7,0.0,0.0,0.0
2026-05-01,Cundinamarca,Soacha,4.7,0.41258,0.3923241645960192,0.020255835403980793
2026-05-01,Cundinamarca,Zipaquirá,4.7,0.0,0.0,0.0
2026-05-01,Córdoba,Córdoba,0.0,0.0,0.0,0.0
2026-05-01,Huila,Huila,0.0,0.0,0.0,0.0
2026-05-01,Huila,Garzón,0.0,0.0,0.0,0.0
2026-05-01,Huila,La Plata,0.0,0.000893,0.0007454770053619861,0.00014752299463801396
2026-05-01,Huila,Neiva,0.0,0.230749,0.19254159613708477,0.03820740386291524
2026-05-01,Huila,Pitalito,0.0,0.023015,0.019262295515396884,0.003752704484603117
2026-05-01,La Guajira,La Guajira,0.0,0.0,0.0,0.0
2026-05-01,La Guajira,Maicao,0.0,0.009174,0.008779761341351304,0.00039423865864869623
2026-05-01,La Guajira,Riohacha,0.0,0.554218,0.5290500414213176,0.02516795857868237
2026-05-01,La Guajira,San Juan del Cesar,0.0,0.0,0.0,0.0
2026-05-01,La Guajira,Uribia,0.0,0.002341,0.00220716383245709,0.00013383616754291013
2026-05-01,Magdalena,Magdalena,0.0,0.0,0.0,0.0
2026-05-01,Magdalena,Ciénaga,14.0,0.0,0.0,0.0
2026-05-01,Magdalena,El Banco,14.0,0.002534,0.002142872452380945,0.00039112754761905493
2026-05-01,Magdalena,Fundación,14.0,0.0,0.0,0.0
2026-05-01,Magdalena,Santa Marta,14.0,0.441828,0.3691156850000004,0.07271231499999958
2026-05-01,Meta,Meta,0.0,0.0,0.0,0.0
2026-05-01,Meta,Acacías,10.65,0.0,0.0,0.0
2026-05-01,Meta,Granada,10.65,0.029846,0.02143997202309866,0.008406027976901341
2026-05-01,Meta,Puerto López,10.65,0.0,0.0,0.0
2026-05-01,Meta,Villavicencio,10.65,6.18451,4.439259566666666,1.745250433333334
2026-05-01,Nariño,Nariño,0.0,0.0,0.0,0.0
2026-05-01,Nariño,Ipiales,7.0,0.011906,0.011494856748436741,0.00041114325156325904
2026-05-01,Nariño,Pasto,7.0,0.083607,0.08040387907229803,0.0032031209277019745
2026-05-01,Nariño,Tumaco,7.0,0.0275,0.026385431920461576,0.0011145680795384243
2026-05-01,Nariño,Tuquerres,7.0,0.003174,0.0030229920858585928,0.00015100791414140741
2026-05-01,Norte de Santander,Norte de Santander,0.0,0.0,0.0,0.0
2026-05-01,Norte de Santander,Cucutá,0.0,0.0,0.0,0.0
2026-05-01,Norte de Santander,Ocaña,0.0,0.0,0.0,0.0
2026-05-01,Norte de Santander,Pamplona,0.0,0.002299,0.001897839807204025,0.00040116019279597473
2026-05-01,Norte de Santander,Villa del Rosario,0.0,0.0,0.0,0.0
2026-05-01,Putumayo,Putumayo,0.0,0.0,0.0,0.0
2026-05-01,Putumayo,Mocoa,4.033333333333333,0.064541,0.06662946353651147,0.002088463536511473
2026-05-01,Putumayo,Orito,4.033333333333333,0.000238,0.0002418016545859854,3.8016545859853774e-06
2026-05-01,Putumayo,Puerto Asís,4.033333333333333,0.0,0.0,0.0
2026-05-01,Quindío,Quindío,0.0,0.0,0.0,0.0
2026-05-01,Quindío,Armenia,0.0,0.0825,0.07802432611111117,0.004475673888888837
2026-05-01,Quindío,Calarcá,0.0,0.0,0.0,0.0
2026-05-01,Quindío,Montenegro,0.0,0.010421,0.009866459780626806,0.0005545402193731942
2026-05-01,Quindío,Quimbaya,0.0,0.005187,0.004901880195405908,0.00028511980459409135
2026-05-01,Risaralda,Risaralda,0.0,0.0,0.0,0.0
2026-05-01,Risaralda,Belén de Umbría,1.8,0.0,0.0,0.0
2026-05-01,Risaralda,Dosquebradas,1.8,0.0,0.0,0.0
2026-05-01,Risaralda,Pereira,1.8,0.603807,0.4183126665869566,0.1854943334130434
2026-05-01,Risaralda,Santa Rosa de Cabal,1.8,0.0,0.0,0.0
2026-05-01,Santander,Santander,0.0,0.0,0.0,0.0
2026-05-01,Sucre,Sucre,0.0,0.0,0.0,0.0
2026-05-01,Sucre,Corozal,10.2,0.026407,0.025050368882936488,0.0013566311170635122
2026-05-01,Sucre,San Marcos,10.2,0.006202,0.005865488706582628,0.00033651129341737227
2026-05-01,Sucre,Tolú,10.2,0.0,0.0,0.0
2026-05-01,Tolima,Tolima,0.0,0.0,0.0,0.0
2026-05-01,Tolima,Espinal,0.15,0.098937,0.08054540000000023,0.018391599999999772
2026-05-01,Tolima,Honda,0.15,0.00373,0.0030394405555555543,0.0006905594444444455
2026-05-01,Tolima,Ibagué,0.15,0.0,0.0,0.0
2026-05-01,Tolima,Líbano,0.15,0.0,0.0,0.0
2026-05-01,Tolima,Melgar,0.15,0.050835,0.040879990222222114,0.009955009777777885
2026-05-01,Valle del Cauca,Valle del Cauca,0.0,0.0,0.0,0.0
2026-05-01,Valle del Cauca,Buenaventura,0.0,0.148378,0.13087864666666646,0.01749935333333355
2026-05-01,Valle del Cauca,Cali,0.0,2.400207,2.126365889999997,0.2738411100000029
2026-05-01,Valle del Cauca,Cartago,0.0,0.157619,0.13910511000000012,0.018513889999999894
2026-05-01,Valle del Cauca,Palmira,0.0,0.987844,0.8715685699999972,0.11627543000000284
2026-05-01,Valle del Cauca,Tuluá,0.0,0.0,0.0,0.0
2026-05-18,Antioquia,Antioquia,0.0,0.0,0.0,0.0
2026-05-18,Arauca,Arauca,0.0,0.0,0.0,0.0
2026-05-18,Atlántico,Atlántico,0.0,0.0,0.0,0.0
2026-05-18,Bogotá,Bogotá,0.0,0.0,0.0,0.0
2026-05-18,Bogotá,Bogotá (municipio),1.5,0.0,0.0,0.0
2026-05-18,Bolívar,Bolívar,0.0,0.0,0.0,0.0
2026-05-18,Bolívar,El Carmen de Bolívar,0.0,0.0,0.0,0.0
2026-05-18,Bolívar,Magangué,0.0,0.0,0.0,0.0
2026-05-18,Bolívar,Turbaco,0.0,0.0,0.0,0.0
2026-05-18,Boyacá,Boyacá,0.0,0.0,0.0,0.0
2026-05-18,Boyacá,Chiquinquira,0.7,0.018303,0.015108902565336875,0.003194097434663125
2026-05-18,Boyacá,Duitama,0.7,0.059131,0.0474305763540282,0.011700423645971805
2026-05-18,Boyacá,Puerto Boyacá,0.7,0.0,0.0,0.0
2026-05-18,Boyacá,Sogamoso,0.7,0.51605,0.4037341724415287,0.1123158275584713
2026-05-18,Boyacá,Tunja,0.7,0.046439,0.04566908902598827,0.000769910974011731
2026-05-18,Caldas,Caldas,0.0,0.0,0.0,0.0
2026-05-18,Caldas,Chinchiná,2.7,0.0,0.0,0.0
2026-05-18,Caldas,La Dorada,2.7,0.020772,0.019911065331579582,0.0008609346684204169
2026-05-18,Caldas,Manizales,2.7,0.9624,0.9063850490833342,0.05601495091666586
2026-05-18,Caldas,Riosucio,2.7,0.0,0.0,0.0
2026-05-18,Caldas,Villamaría,2.7,0.0,0.0,0.0
2026-05-18,Caquetá,Caquetá,0.0,0.0,0.0,0.0
2026-05-18,Caquetá,Belén de los Andaquíes,0.0,0.0,0.0,0.0
2026-05-18,Caquetá,Florencia,0.0,0.009067,0.009308090434420222,0.00024109043442022138
2026-05-18,Caquetá,San Vicente del Caguán,0.0,0.0,0.0,0.0
2026-05-18,Casanare,Casanare,0.0,0.0,0.0,0.0
2026-05-18,Casanare,Aguazul,10.86,0.02248,0.02496884837568518,0.0024888483756851792
2026-05-18,Casanare,Paz de Ariporo,10.86,0.0,0.0,0.0
2026-05-18,Casanare,Tauramena,10.86,0.526344,0.5862451401181855,0.05990114011818548
2026-05-18,Casanare,Yopal,8.366666666666667,0.101507,0.11441921405555561,0.012912214055555607
2026-05-18,Cauca,Cauca,0.0,0.0,0.0,0.0
2026-05-18,Cauca,Patía,0.0,0.0,0.0,0.0
2026-05-18,Cauca,Popayán,0.0,0.0,0.0,0.0
2026-05-18,Cauca,Puerto Tejada,0.0,0.265965,0.0,0.265965
2026-05-18,Cauca,Santander de Quilichao,0.0,0.0,0.0,0.0
2026-05-18,Cesar,Cesar,0.0,0.0,0.0,0.0
2026-05-18,Cesar,Aguachica,0.0,0.015558,0.019338097301767675,0.0037800973017676747
2026-05-18,Cesar,Agustín Codazzi,0.0,0.0,0.0,0.0
2026-05-18,Cesar,Bosconia,0.0,0.003323,0.004119015766511264,0.0007960157665112644
2026-05-18,Cesar,Valledupar,0.0,0.143613,0.17843399488140552,0.034820994881405526
2026-05-18,Chocó,Chocó,0.0,0.0,0.0,0.0
2026-05-18,Chocó,Bahía Solano,42.85,0.0,0.0,0.0
2026-05-18,Chocó,El Carmén,42.85,0.0,0.0,0.0
2026-05-18,Chocó,Itsmina,42.85,0.0,0.0,0.0
2026-05-18,Chocó,Quibdó,0.7,0.0,0.0,0.0
2026-05-18,Cundinamarca,Cundinamarca,0.0,0.0,0.0,0.0
2026-05-18,Cundinamarca,Chía,1.5,0.0,0.0,0.0
2026-05-18,Cundinamarca,Facatativá,1.5,0.0,0.0,0.0
2026-05-18,Cundinamarca,Fusagasugá,1.5,0.0,0.0,0.0
2026-05-18,Cundinamarca,Soacha,1.5,0.400717,0.39089890642240127,0.009818093577598719
2026-05-18,Cundinamarca,Zipaquirá,1.5,0.0,0.0,0.0
2026-05-18,Córdoba,Córdoba,0.0,0.0,0.0,0.0
2026-05-18,Córdoba,Cereté,1.9,0.0,0.0,0.0
2026-05-18,Córdoba,Lorica,1.9,0.023441,0.02388599042615039,0.00044499042615038856
2026-05-18,Córdoba,Montelibano,1.9,3.39341,3.573042056586012,0.1796320565860121
2026-05-18,Córdoba,Montería,1.9,0.0,0.0,0.0
2026-05-18,Córdoba,Sahagún,1.9,0.0,0.0,0.0
2026-05-18,Huila,Huila,0.0,0.0,0.0,0.0
2026-05-18,Huila,Garzón,1.5666666666666669,0.0,0.0,0.0
2026-05-18,Huila,La Plata,1.5666666666666669,0.000842,0.0007604484595910355,8.155154040896445e-05
2026-05-18,Huila,Neiva,1.5666666666666669,0.21773,0.19567605301457536,0.02205394698542465
2026-05-18,Huila,Pitalito,1.5666666666666669,0.021716,0.01958876319460703,0.0021272368053929687
2026-05-18,La Guajira,La Guajira,0.0,0.0,0.0,0.0
2026-05-18,La Guajira,Maicao,0.0,0.008784,0.008777516373940848,6.483626059152273e-06
2026-05-18,La Guajira,Riohacha,0.0,0.530653,0.5202155970781405,0.010437402921859573
2026-05-18,La Guajira,San Juan del Cesar,0.0,0.0,0.0,0.0
2026-05-18,La Guajira,Uribia,0.0,0.002241,0.0021996861444829735,4.131385551702643e-05
2026-05-18,Magdalena,Magdalena,0.0,0.0,0.0,0.0
2026-05-18,Magdalena,Ciénaga,0.0,0.0,0.0,0.0
2026-05-18,Magdalena,El Banco,0.0,0.002806,0.002709524233363246,9.647576663675403e-05
2026-05-18,Magdalena,Fundación,0.0,0.0,0.0,0.0
2026-05-18,Magdalena,Santa Marta,0.0,0.489286,0.4718345423809514,0.017451457619048594
2026-05-18,Meta,Meta,0.0,0.0,0.0,0.0
2026-05-18,Meta,Acacías,32.650000000000006,0.0,0.0,0.0
2026-05-18,Meta,Granada,32.650000000000006,0.02481,0.02141766073712393,0.0033923392628760693
2026-05-18,Meta,Puerto López,32.650000000000006,0.0,0.0,0.0
2026-05-18,Meta,Villavicencio,32.650000000000006,5.140863,4.512906659999995,0.6279563400000052
2026-05-18,Nariño,Nariño,0.0,0.0,0.0,0.0
2026-05-18,Nariño,Ipiales,2.0,0.011964,0.010878984477920212,0.001085015522079789
2026-05-18,Nariño,Pasto,2.0,0.084014,0.07572998348328523,0.008284016516714773
2026-05-18,Nariño,Tumaco,2.0,0.027633,0.024965009601138226,0.0026679903988617755
2026-05-18,Nariño,Tuquerres,2.0,0.00319,0.002798568897500249,0.0003914311024997511
2026-05-18,Norte de Santander,Norte de Santander,0.0,0.0,0.0,0.0
2026-05-18,Norte de Santander,Cucutá,0.0,0.0,0.0,0.0
2026-05-18,Norte de Santander,Ocaña,0.0,0.0,0.0,0.0
2026-05-18,Norte de Santander,Pamplona,0.0,0.00203,0.001752541879849912,0.0002774581201500882
2026-05-18,Norte de Santander,Villa del Rosario,0.0,0.0,0.0,0.0
2026-05-18,Putumayo,Putumayo,0.0,0.0,0.0,0.0
2026-05-18,Putumayo,Mocoa,25.8,0.067656,0.06737085948610921,0.0002851405138907803
2026-05-18,Putumayo,Orito,25.8,0.000249,0.00025203343819910984,3.033438199109861e-06
2026-05-18,Putumayo,Puerto Asís,25.8,0.0,0.0,0.0
2026-05-18,Quindío,Quindío,0.0,0.0,0.0,0.0
2026-05-18,Risaralda,Risaralda,0.0,0.0,0.0,0.0
2026-05-18,Risaralda,Belén de Umbría,1.6,0.0,0.0,0.0
2026-05-18,Risaralda,Dosquebradas,1.6,0.0,0.0,0.0
2026-05-18,Risaralda,Pereira,1.6,0.47108,0.42216784080917763,0.04891215919082237
2026-05-18,Risaralda,Santa Rosa de Cabal,1.6,0.0,0.0,0.0
2026-05-18,Santander,Santander,0.0,0.0,0.0,0.0
2026-05-18,Sucre,Sucre,0.0,0.0,0.0,0.0
2026-05-18,Sucre,Corozal,0.0,0.025351,0.02519215461749361,0.00015884538250638888
2026-05-18,Sucre,San Marcos,0.0,0.005954,0.005952712340048844,1.2876599511562128e-06
2026-05-18,Sucre,Tolú,0.0,0.0,0.0,0.0
2026-05-18,Tolima,Tolima,0.0,0.0,0.0,0.0
2026-05-18,Tolima,Espinal,0.1,0.093086,0.08000502792125297,0.013080972078747033
2026-05-18,Tolima,Honda,0.1,0.00351,0.00302020478668895,0.0004897952133110501
2026-05-18,Tolima,Ibagué,0.1,0.0,0.0,0.0
2026-05-18,Tolima,Líbano,0.1,0.0,0.0,0.0
2026-05-18,Tolima,Melgar,0.1,0.047829,0.040975418575473835,0.006853581424526169
2026-05-18,Valle del Cauca,Valle del Cauca,0.0,0.0,0.0,0.0
2026-05-18,Valle del Cauca,Buenaventura,0.0,0.143741,0.12865689333333333,0.01508410666666668
2026-05-18,Valle del Cauca,Cali,0.0,2.325202,2.0830209066666647,0.24218109333333526
2026-05-18,Valle del Cauca,Cartago,0.0,0.152694,0.13645769000000016,0.016236309999999837
2026-05-18,Valle del Cauca,Palmira,0.0,0.956975,0.8500609200000014,0.10691407999999858
2026-05-18,Valle del Cauca,Tuluá,0.0,0.0,0.0,0.0
